"id";"tipo";"sector";"territorio";"nombre_canonico";"query_1";"query_2";"query_3";"tengo_landing";"notas"
"1";"sectorial-provincial";"metal";"Álava";"Convenio Metal Álava";"convenio metal álava";"convenio metal álava 2026";"tabla salarial metal álava";"";""
"2";"sectorial-provincial";"metal";"Albacete";"Convenio Metal Albacete";"convenio metal albacete";"convenio metal albacete 2026";"tabla salarial metal albacete";"";""
"3";"sectorial-provincial";"metal";"Alicante";"Convenio Metal Alicante";"convenio metal alicante";"convenio metal alicante 2026";"tabla salarial metal alicante";"";""
"4";"sectorial-provincial";"metal";"Almería";"Convenio Metal Almería";"convenio metal almería";"convenio metal almería 2026";"tabla salarial metal almería";"";""
"5";"sectorial-provincial";"metal";"Asturias";"Convenio Metal Asturias";"convenio metal asturias";"convenio metal asturias 2026";"tabla salarial metal asturias";"";""
"6";"sectorial-provincial";"metal";"Ávila";"Convenio Metal Ávila";"convenio metal ávila";"convenio metal ávila 2026";"tabla salarial metal ávila";"";""
"7";"sectorial-provincial";"metal";"Badajoz";"Convenio Metal Badajoz";"convenio metal badajoz";"convenio metal badajoz 2026";"tabla salarial metal badajoz";"";""
"8";"sectorial-provincial";"metal";"Baleares";"Convenio Metal Baleares";"convenio metal baleares";"convenio metal baleares 2026";"tabla salarial metal baleares";"";""
"9";"sectorial-provincial";"metal";"Barcelona";"Convenio Metal Barcelona";"convenio metal barcelona";"convenio metal barcelona 2026";"tabla salarial metal barcelona";"";""
"10";"sectorial-provincial";"metal";"Bizkaia";"Convenio Metal Bizkaia";"convenio metal bizkaia";"convenio metal bizkaia 2026";"tabla salarial metal bizkaia";"";""
"11";"sectorial-provincial";"metal";"Burgos";"Convenio Metal Burgos";"convenio metal burgos";"convenio metal burgos 2026";"tabla salarial metal burgos";"";""
"12";"sectorial-provincial";"metal";"Cáceres";"Convenio Metal Cáceres";"convenio metal cáceres";"convenio metal cáceres 2026";"tabla salarial metal cáceres";"";""
"13";"sectorial-provincial";"metal";"Cádiz";"Convenio Metal Cádiz";"convenio metal cádiz";"convenio metal cádiz 2026";"tabla salarial metal cádiz";"";""
"14";"sectorial-provincial";"metal";"Cantabria";"Convenio Metal Cantabria";"convenio metal cantabria";"convenio metal cantabria 2026";"tabla salarial metal cantabria";"";""
"15";"sectorial-provincial";"metal";"Castellón";"Convenio Metal Castellón";"convenio metal castellón";"convenio metal castellón 2026";"tabla salarial metal castellón";"";""
"16";"sectorial-provincial";"metal";"Ciudad Real";"Convenio Metal Ciudad Real";"convenio metal ciudad real";"convenio metal ciudad real 2026";"tabla salarial metal ciudad real";"";""
"17";"sectorial-provincial";"metal";"Córdoba";"Convenio Metal Córdoba";"convenio metal córdoba";"convenio metal córdoba 2026";"tabla salarial metal córdoba";"";""
"18";"sectorial-provincial";"metal";"A Coruña";"Convenio Metal A Coruña";"convenio metal a coruña";"convenio metal a coruña 2026";"tabla salarial metal a coruña";"";""
"19";"sectorial-provincial";"metal";"Cuenca";"Convenio Metal Cuenca";"convenio metal cuenca";"convenio metal cuenca 2026";"tabla salarial metal cuenca";"";""
"20";"sectorial-provincial";"metal";"Gipuzkoa";"Convenio Metal Gipuzkoa";"convenio metal gipuzkoa";"convenio metal gipuzkoa 2026";"tabla salarial metal gipuzkoa";"";""
"21";"sectorial-provincial";"metal";"Girona";"Convenio Metal Girona";"convenio metal girona";"convenio metal girona 2026";"tabla salarial metal girona";"";""
"22";"sectorial-provincial";"metal";"Granada";"Convenio Metal Granada";"convenio metal granada";"convenio metal granada 2026";"tabla salarial metal granada";"";""
"23";"sectorial-provincial";"metal";"Guadalajara";"Convenio Metal Guadalajara";"convenio metal guadalajara";"convenio metal guadalajara 2026";"tabla salarial metal guadalajara";"";""
"24";"sectorial-provincial";"metal";"Huelva";"Convenio Metal Huelva";"convenio metal huelva";"convenio metal huelva 2026";"tabla salarial metal huelva";"";""
"25";"sectorial-provincial";"metal";"Huesca";"Convenio Metal Huesca";"convenio metal huesca";"convenio metal huesca 2026";"tabla salarial metal huesca";"";""
"26";"sectorial-provincial";"metal";"Jaén";"Convenio Metal Jaén";"convenio metal jaén";"convenio metal jaén 2026";"tabla salarial metal jaén";"";""
"27";"sectorial-provincial";"metal";"León";"Convenio Metal León";"convenio metal león";"convenio metal león 2026";"tabla salarial metal león";"";""
"28";"sectorial-provincial";"metal";"Lleida";"Convenio Metal Lleida";"convenio metal lleida";"convenio metal lleida 2026";"tabla salarial metal lleida";"";""
"29";"sectorial-provincial";"metal";"Lugo";"Convenio Metal Lugo";"convenio metal lugo";"convenio metal lugo 2026";"tabla salarial metal lugo";"";""
"30";"sectorial-provincial";"metal";"Madrid";"Convenio Metal Madrid";"convenio metal madrid";"convenio metal madrid 2026";"tabla salarial metal madrid";"";""
"31";"sectorial-provincial";"metal";"Málaga";"Convenio Metal Málaga";"convenio metal málaga";"convenio metal málaga 2026";"tabla salarial metal málaga";"";""
"32";"sectorial-provincial";"metal";"Murcia";"Convenio Metal Murcia";"convenio metal murcia";"convenio metal murcia 2026";"tabla salarial metal murcia";"";""
"33";"sectorial-provincial";"metal";"Navarra";"Convenio Metal Navarra";"convenio metal navarra";"convenio metal navarra 2026";"tabla salarial metal navarra";"";""
"34";"sectorial-provincial";"metal";"Ourense";"Convenio Metal Ourense";"convenio metal ourense";"convenio metal ourense 2026";"tabla salarial metal ourense";"";""
"35";"sectorial-provincial";"metal";"Palencia";"Convenio Metal Palencia";"convenio metal palencia";"convenio metal palencia 2026";"tabla salarial metal palencia";"";""
"36";"sectorial-provincial";"metal";"Las Palmas";"Convenio Metal Las Palmas";"convenio metal las palmas";"convenio metal las palmas 2026";"tabla salarial metal las palmas";"";""
"37";"sectorial-provincial";"metal";"Pontevedra";"Convenio Metal Pontevedra";"convenio metal pontevedra";"convenio metal pontevedra 2026";"tabla salarial metal pontevedra";"";""
"38";"sectorial-provincial";"metal";"La Rioja";"Convenio Metal La Rioja";"convenio metal la rioja";"convenio metal la rioja 2026";"tabla salarial metal la rioja";"";""
"39";"sectorial-provincial";"metal";"Salamanca";"Convenio Metal Salamanca";"convenio metal salamanca";"convenio metal salamanca 2026";"tabla salarial metal salamanca";"";""
"40";"sectorial-provincial";"metal";"Segovia";"Convenio Metal Segovia";"convenio metal segovia";"convenio metal segovia 2026";"tabla salarial metal segovia";"";""
"41";"sectorial-provincial";"metal";"Sevilla";"Convenio Metal Sevilla";"convenio metal sevilla";"convenio metal sevilla 2026";"tabla salarial metal sevilla";"";""
"42";"sectorial-provincial";"metal";"Soria";"Convenio Metal Soria";"convenio metal soria";"convenio metal soria 2026";"tabla salarial metal soria";"";""
"43";"sectorial-provincial";"metal";"Tenerife";"Convenio Metal Tenerife";"convenio metal tenerife";"convenio metal tenerife 2026";"tabla salarial metal tenerife";"";""
"44";"sectorial-provincial";"metal";"Tarragona";"Convenio Metal Tarragona";"convenio metal tarragona";"convenio metal tarragona 2026";"tabla salarial metal tarragona";"";""
"45";"sectorial-provincial";"metal";"Teruel";"Convenio Metal Teruel";"convenio metal teruel";"convenio metal teruel 2026";"tabla salarial metal teruel";"";""
"46";"sectorial-provincial";"metal";"Toledo";"Convenio Metal Toledo";"convenio metal toledo";"convenio metal toledo 2026";"tabla salarial metal toledo";"";""
"47";"sectorial-provincial";"metal";"Valencia";"Convenio Metal Valencia";"convenio metal valencia";"convenio metal valencia 2026";"tabla salarial metal valencia";"";""
"48";"sectorial-provincial";"metal";"Valladolid";"Convenio Metal Valladolid";"convenio metal valladolid";"convenio metal valladolid 2026";"tabla salarial metal valladolid";"";""
"49";"sectorial-provincial";"metal";"Zamora";"Convenio Metal Zamora";"convenio metal zamora";"convenio metal zamora 2026";"tabla salarial metal zamora";"";""
"50";"sectorial-provincial";"metal";"Zaragoza";"Convenio Metal Zaragoza";"convenio metal zaragoza";"convenio metal zaragoza 2026";"tabla salarial metal zaragoza";"";""
"51";"sectorial-provincial";"metal";"Ceuta";"Convenio Metal Ceuta";"convenio metal ceuta";"convenio metal ceuta 2026";"tabla salarial metal ceuta";"";""
"52";"sectorial-provincial";"metal";"Melilla";"Convenio Metal Melilla";"convenio metal melilla";"convenio metal melilla 2026";"tabla salarial metal melilla";"";""
"53";"sectorial-provincial";"limpieza";"Álava";"Convenio Limpieza de Edificios y Locales Álava";"convenio limpieza de edificios y locales álava";"convenio limpieza de edificios y locales álava 2026";"tabla salarial limpieza de edificios y locales álava";"";""
"54";"sectorial-provincial";"limpieza";"Albacete";"Convenio Limpieza de Edificios y Locales Albacete";"convenio limpieza de edificios y locales albacete";"convenio limpieza de edificios y locales albacete 2026";"tabla salarial limpieza de edificios y locales albacete";"";""
"55";"sectorial-provincial";"limpieza";"Alicante";"Convenio Limpieza de Edificios y Locales Alicante";"convenio limpieza de edificios y locales alicante";"convenio limpieza de edificios y locales alicante 2026";"tabla salarial limpieza de edificios y locales alicante";"";""
"56";"sectorial-provincial";"limpieza";"Almería";"Convenio Limpieza de Edificios y Locales Almería";"convenio limpieza de edificios y locales almería";"convenio limpieza de edificios y locales almería 2026";"tabla salarial limpieza de edificios y locales almería";"";""
"57";"sectorial-provincial";"limpieza";"Asturias";"Convenio Limpieza de Edificios y Locales Asturias";"convenio limpieza de edificios y locales asturias";"convenio limpieza de edificios y locales asturias 2026";"tabla salarial limpieza de edificios y locales asturias";"";""
"58";"sectorial-provincial";"limpieza";"Ávila";"Convenio Limpieza de Edificios y Locales Ávila";"convenio limpieza de edificios y locales ávila";"convenio limpieza de edificios y locales ávila 2026";"tabla salarial limpieza de edificios y locales ávila";"";""
"59";"sectorial-provincial";"limpieza";"Badajoz";"Convenio Limpieza de Edificios y Locales Badajoz";"convenio limpieza de edificios y locales badajoz";"convenio limpieza de edificios y locales badajoz 2026";"tabla salarial limpieza de edificios y locales badajoz";"";""
"60";"sectorial-provincial";"limpieza";"Baleares";"Convenio Limpieza de Edificios y Locales Baleares";"convenio limpieza de edificios y locales baleares";"convenio limpieza de edificios y locales baleares 2026";"tabla salarial limpieza de edificios y locales baleares";"";""
"61";"sectorial-provincial";"limpieza";"Barcelona";"Convenio Limpieza de Edificios y Locales Barcelona";"convenio limpieza de edificios y locales barcelona";"convenio limpieza de edificios y locales barcelona 2026";"tabla salarial limpieza de edificios y locales barcelona";"";""
"62";"sectorial-provincial";"limpieza";"Bizkaia";"Convenio Limpieza de Edificios y Locales Bizkaia";"convenio limpieza de edificios y locales bizkaia";"convenio limpieza de edificios y locales bizkaia 2026";"tabla salarial limpieza de edificios y locales bizkaia";"";""
"63";"sectorial-provincial";"limpieza";"Burgos";"Convenio Limpieza de Edificios y Locales Burgos";"convenio limpieza de edificios y locales burgos";"convenio limpieza de edificios y locales burgos 2026";"tabla salarial limpieza de edificios y locales burgos";"";""
"64";"sectorial-provincial";"limpieza";"Cáceres";"Convenio Limpieza de Edificios y Locales Cáceres";"convenio limpieza de edificios y locales cáceres";"convenio limpieza de edificios y locales cáceres 2026";"tabla salarial limpieza de edificios y locales cáceres";"";""
"65";"sectorial-provincial";"limpieza";"Cádiz";"Convenio Limpieza de Edificios y Locales Cádiz";"convenio limpieza de edificios y locales cádiz";"convenio limpieza de edificios y locales cádiz 2026";"tabla salarial limpieza de edificios y locales cádiz";"";""
"66";"sectorial-provincial";"limpieza";"Cantabria";"Convenio Limpieza de Edificios y Locales Cantabria";"convenio limpieza de edificios y locales cantabria";"convenio limpieza de edificios y locales cantabria 2026";"tabla salarial limpieza de edificios y locales cantabria";"";""
"67";"sectorial-provincial";"limpieza";"Castellón";"Convenio Limpieza de Edificios y Locales Castellón";"convenio limpieza de edificios y locales castellón";"convenio limpieza de edificios y locales castellón 2026";"tabla salarial limpieza de edificios y locales castellón";"";""
"68";"sectorial-provincial";"limpieza";"Ciudad Real";"Convenio Limpieza de Edificios y Locales Ciudad Real";"convenio limpieza de edificios y locales ciudad real";"convenio limpieza de edificios y locales ciudad real 2026";"tabla salarial limpieza de edificios y locales ciudad real";"";""
"69";"sectorial-provincial";"limpieza";"Córdoba";"Convenio Limpieza de Edificios y Locales Córdoba";"convenio limpieza de edificios y locales córdoba";"convenio limpieza de edificios y locales córdoba 2026";"tabla salarial limpieza de edificios y locales córdoba";"";""
"70";"sectorial-provincial";"limpieza";"A Coruña";"Convenio Limpieza de Edificios y Locales A Coruña";"convenio limpieza de edificios y locales a coruña";"convenio limpieza de edificios y locales a coruña 2026";"tabla salarial limpieza de edificios y locales a coruña";"";""
"71";"sectorial-provincial";"limpieza";"Cuenca";"Convenio Limpieza de Edificios y Locales Cuenca";"convenio limpieza de edificios y locales cuenca";"convenio limpieza de edificios y locales cuenca 2026";"tabla salarial limpieza de edificios y locales cuenca";"";""
"72";"sectorial-provincial";"limpieza";"Gipuzkoa";"Convenio Limpieza de Edificios y Locales Gipuzkoa";"convenio limpieza de edificios y locales gipuzkoa";"convenio limpieza de edificios y locales gipuzkoa 2026";"tabla salarial limpieza de edificios y locales gipuzkoa";"";""
"73";"sectorial-provincial";"limpieza";"Girona";"Convenio Limpieza de Edificios y Locales Girona";"convenio limpieza de edificios y locales girona";"convenio limpieza de edificios y locales girona 2026";"tabla salarial limpieza de edificios y locales girona";"";""
"74";"sectorial-provincial";"limpieza";"Granada";"Convenio Limpieza de Edificios y Locales Granada";"convenio limpieza de edificios y locales granada";"convenio limpieza de edificios y locales granada 2026";"tabla salarial limpieza de edificios y locales granada";"";""
"75";"sectorial-provincial";"limpieza";"Guadalajara";"Convenio Limpieza de Edificios y Locales Guadalajara";"convenio limpieza de edificios y locales guadalajara";"convenio limpieza de edificios y locales guadalajara 2026";"tabla salarial limpieza de edificios y locales guadalajara";"";""
"76";"sectorial-provincial";"limpieza";"Huelva";"Convenio Limpieza de Edificios y Locales Huelva";"convenio limpieza de edificios y locales huelva";"convenio limpieza de edificios y locales huelva 2026";"tabla salarial limpieza de edificios y locales huelva";"";""
"77";"sectorial-provincial";"limpieza";"Huesca";"Convenio Limpieza de Edificios y Locales Huesca";"convenio limpieza de edificios y locales huesca";"convenio limpieza de edificios y locales huesca 2026";"tabla salarial limpieza de edificios y locales huesca";"";""
"78";"sectorial-provincial";"limpieza";"Jaén";"Convenio Limpieza de Edificios y Locales Jaén";"convenio limpieza de edificios y locales jaén";"convenio limpieza de edificios y locales jaén 2026";"tabla salarial limpieza de edificios y locales jaén";"";""
"79";"sectorial-provincial";"limpieza";"León";"Convenio Limpieza de Edificios y Locales León";"convenio limpieza de edificios y locales león";"convenio limpieza de edificios y locales león 2026";"tabla salarial limpieza de edificios y locales león";"";""
"80";"sectorial-provincial";"limpieza";"Lleida";"Convenio Limpieza de Edificios y Locales Lleida";"convenio limpieza de edificios y locales lleida";"convenio limpieza de edificios y locales lleida 2026";"tabla salarial limpieza de edificios y locales lleida";"";""
"81";"sectorial-provincial";"limpieza";"Lugo";"Convenio Limpieza de Edificios y Locales Lugo";"convenio limpieza de edificios y locales lugo";"convenio limpieza de edificios y locales lugo 2026";"tabla salarial limpieza de edificios y locales lugo";"";""
"82";"sectorial-provincial";"limpieza";"Madrid";"Convenio Limpieza de Edificios y Locales Madrid";"convenio limpieza de edificios y locales madrid";"convenio limpieza de edificios y locales madrid 2026";"tabla salarial limpieza de edificios y locales madrid";"";""
"83";"sectorial-provincial";"limpieza";"Málaga";"Convenio Limpieza de Edificios y Locales Málaga";"convenio limpieza de edificios y locales málaga";"convenio limpieza de edificios y locales málaga 2026";"tabla salarial limpieza de edificios y locales málaga";"";""
"84";"sectorial-provincial";"limpieza";"Murcia";"Convenio Limpieza de Edificios y Locales Murcia";"convenio limpieza de edificios y locales murcia";"convenio limpieza de edificios y locales murcia 2026";"tabla salarial limpieza de edificios y locales murcia";"";""
"85";"sectorial-provincial";"limpieza";"Navarra";"Convenio Limpieza de Edificios y Locales Navarra";"convenio limpieza de edificios y locales navarra";"convenio limpieza de edificios y locales navarra 2026";"tabla salarial limpieza de edificios y locales navarra";"";""
"86";"sectorial-provincial";"limpieza";"Ourense";"Convenio Limpieza de Edificios y Locales Ourense";"convenio limpieza de edificios y locales ourense";"convenio limpieza de edificios y locales ourense 2026";"tabla salarial limpieza de edificios y locales ourense";"";""
"87";"sectorial-provincial";"limpieza";"Palencia";"Convenio Limpieza de Edificios y Locales Palencia";"convenio limpieza de edificios y locales palencia";"convenio limpieza de edificios y locales palencia 2026";"tabla salarial limpieza de edificios y locales palencia";"";""
"88";"sectorial-provincial";"limpieza";"Las Palmas";"Convenio Limpieza de Edificios y Locales Las Palmas";"convenio limpieza de edificios y locales las palmas";"convenio limpieza de edificios y locales las palmas 2026";"tabla salarial limpieza de edificios y locales las palmas";"";""
"89";"sectorial-provincial";"limpieza";"Pontevedra";"Convenio Limpieza de Edificios y Locales Pontevedra";"convenio limpieza de edificios y locales pontevedra";"convenio limpieza de edificios y locales pontevedra 2026";"tabla salarial limpieza de edificios y locales pontevedra";"";""
"90";"sectorial-provincial";"limpieza";"La Rioja";"Convenio Limpieza de Edificios y Locales La Rioja";"convenio limpieza de edificios y locales la rioja";"convenio limpieza de edificios y locales la rioja 2026";"tabla salarial limpieza de edificios y locales la rioja";"";""
"91";"sectorial-provincial";"limpieza";"Salamanca";"Convenio Limpieza de Edificios y Locales Salamanca";"convenio limpieza de edificios y locales salamanca";"convenio limpieza de edificios y locales salamanca 2026";"tabla salarial limpieza de edificios y locales salamanca";"";""
"92";"sectorial-provincial";"limpieza";"Segovia";"Convenio Limpieza de Edificios y Locales Segovia";"convenio limpieza de edificios y locales segovia";"convenio limpieza de edificios y locales segovia 2026";"tabla salarial limpieza de edificios y locales segovia";"";""
"93";"sectorial-provincial";"limpieza";"Sevilla";"Convenio Limpieza de Edificios y Locales Sevilla";"convenio limpieza de edificios y locales sevilla";"convenio limpieza de edificios y locales sevilla 2026";"tabla salarial limpieza de edificios y locales sevilla";"";""
"94";"sectorial-provincial";"limpieza";"Soria";"Convenio Limpieza de Edificios y Locales Soria";"convenio limpieza de edificios y locales soria";"convenio limpieza de edificios y locales soria 2026";"tabla salarial limpieza de edificios y locales soria";"";""
"95";"sectorial-provincial";"limpieza";"Tenerife";"Convenio Limpieza de Edificios y Locales Tenerife";"convenio limpieza de edificios y locales tenerife";"convenio limpieza de edificios y locales tenerife 2026";"tabla salarial limpieza de edificios y locales tenerife";"";""
"96";"sectorial-provincial";"limpieza";"Tarragona";"Convenio Limpieza de Edificios y Locales Tarragona";"convenio limpieza de edificios y locales tarragona";"convenio limpieza de edificios y locales tarragona 2026";"tabla salarial limpieza de edificios y locales tarragona";"";""
"97";"sectorial-provincial";"limpieza";"Teruel";"Convenio Limpieza de Edificios y Locales Teruel";"convenio limpieza de edificios y locales teruel";"convenio limpieza de edificios y locales teruel 2026";"tabla salarial limpieza de edificios y locales teruel";"";""
"98";"sectorial-provincial";"limpieza";"Toledo";"Convenio Limpieza de Edificios y Locales Toledo";"convenio limpieza de edificios y locales toledo";"convenio limpieza de edificios y locales toledo 2026";"tabla salarial limpieza de edificios y locales toledo";"";""
"99";"sectorial-provincial";"limpieza";"Valencia";"Convenio Limpieza de Edificios y Locales Valencia";"convenio limpieza de edificios y locales valencia";"convenio limpieza de edificios y locales valencia 2026";"tabla salarial limpieza de edificios y locales valencia";"";""
"100";"sectorial-provincial";"limpieza";"Valladolid";"Convenio Limpieza de Edificios y Locales Valladolid";"convenio limpieza de edificios y locales valladolid";"convenio limpieza de edificios y locales valladolid 2026";"tabla salarial limpieza de edificios y locales valladolid";"";""
"101";"sectorial-provincial";"limpieza";"Zamora";"Convenio Limpieza de Edificios y Locales Zamora";"convenio limpieza de edificios y locales zamora";"convenio limpieza de edificios y locales zamora 2026";"tabla salarial limpieza de edificios y locales zamora";"";""
"102";"sectorial-provincial";"limpieza";"Zaragoza";"Convenio Limpieza de Edificios y Locales Zaragoza";"convenio limpieza de edificios y locales zaragoza";"convenio limpieza de edificios y locales zaragoza 2026";"tabla salarial limpieza de edificios y locales zaragoza";"";""
"103";"sectorial-provincial";"limpieza";"Ceuta";"Convenio Limpieza de Edificios y Locales Ceuta";"convenio limpieza de edificios y locales ceuta";"convenio limpieza de edificios y locales ceuta 2026";"tabla salarial limpieza de edificios y locales ceuta";"";""
"104";"sectorial-provincial";"limpieza";"Melilla";"Convenio Limpieza de Edificios y Locales Melilla";"convenio limpieza de edificios y locales melilla";"convenio limpieza de edificios y locales melilla 2026";"tabla salarial limpieza de edificios y locales melilla";"";""
"105";"sectorial-provincial";"hosteleria";"Álava";"Convenio Hostelería Álava";"convenio hostelería álava";"convenio hostelería álava 2026";"tabla salarial hostelería álava";"";""
"106";"sectorial-provincial";"hosteleria";"Albacete";"Convenio Hostelería Albacete";"convenio hostelería albacete";"convenio hostelería albacete 2026";"tabla salarial hostelería albacete";"";""
"107";"sectorial-provincial";"hosteleria";"Alicante";"Convenio Hostelería Alicante";"convenio hostelería alicante";"convenio hostelería alicante 2026";"tabla salarial hostelería alicante";"";""
"108";"sectorial-provincial";"hosteleria";"Almería";"Convenio Hostelería Almería";"convenio hostelería almería";"convenio hostelería almería 2026";"tabla salarial hostelería almería";"";""
"109";"sectorial-provincial";"hosteleria";"Asturias";"Convenio Hostelería Asturias";"convenio hostelería asturias";"convenio hostelería asturias 2026";"tabla salarial hostelería asturias";"";""
"110";"sectorial-provincial";"hosteleria";"Ávila";"Convenio Hostelería Ávila";"convenio hostelería ávila";"convenio hostelería ávila 2026";"tabla salarial hostelería ávila";"";""
"111";"sectorial-provincial";"hosteleria";"Badajoz";"Convenio Hostelería Badajoz";"convenio hostelería badajoz";"convenio hostelería badajoz 2026";"tabla salarial hostelería badajoz";"";""
"112";"sectorial-provincial";"hosteleria";"Baleares";"Convenio Hostelería Baleares";"convenio hostelería baleares";"convenio hostelería baleares 2026";"tabla salarial hostelería baleares";"";""
"113";"sectorial-provincial";"hosteleria";"Barcelona";"Convenio Hostelería Barcelona";"convenio hostelería barcelona";"convenio hostelería barcelona 2026";"tabla salarial hostelería barcelona";"";""
"114";"sectorial-provincial";"hosteleria";"Bizkaia";"Convenio Hostelería Bizkaia";"convenio hostelería bizkaia";"convenio hostelería bizkaia 2026";"tabla salarial hostelería bizkaia";"";""
"115";"sectorial-provincial";"hosteleria";"Burgos";"Convenio Hostelería Burgos";"convenio hostelería burgos";"convenio hostelería burgos 2026";"tabla salarial hostelería burgos";"";""
"116";"sectorial-provincial";"hosteleria";"Cáceres";"Convenio Hostelería Cáceres";"convenio hostelería cáceres";"convenio hostelería cáceres 2026";"tabla salarial hostelería cáceres";"";""
"117";"sectorial-provincial";"hosteleria";"Cádiz";"Convenio Hostelería Cádiz";"convenio hostelería cádiz";"convenio hostelería cádiz 2026";"tabla salarial hostelería cádiz";"";""
"118";"sectorial-provincial";"hosteleria";"Cantabria";"Convenio Hostelería Cantabria";"convenio hostelería cantabria";"convenio hostelería cantabria 2026";"tabla salarial hostelería cantabria";"";""
"119";"sectorial-provincial";"hosteleria";"Castellón";"Convenio Hostelería Castellón";"convenio hostelería castellón";"convenio hostelería castellón 2026";"tabla salarial hostelería castellón";"";""
"120";"sectorial-provincial";"hosteleria";"Ciudad Real";"Convenio Hostelería Ciudad Real";"convenio hostelería ciudad real";"convenio hostelería ciudad real 2026";"tabla salarial hostelería ciudad real";"";""
"121";"sectorial-provincial";"hosteleria";"Córdoba";"Convenio Hostelería Córdoba";"convenio hostelería córdoba";"convenio hostelería córdoba 2026";"tabla salarial hostelería córdoba";"";""
"122";"sectorial-provincial";"hosteleria";"A Coruña";"Convenio Hostelería A Coruña";"convenio hostelería a coruña";"convenio hostelería a coruña 2026";"tabla salarial hostelería a coruña";"";""
"123";"sectorial-provincial";"hosteleria";"Cuenca";"Convenio Hostelería Cuenca";"convenio hostelería cuenca";"convenio hostelería cuenca 2026";"tabla salarial hostelería cuenca";"";""
"124";"sectorial-provincial";"hosteleria";"Gipuzkoa";"Convenio Hostelería Gipuzkoa";"convenio hostelería gipuzkoa";"convenio hostelería gipuzkoa 2026";"tabla salarial hostelería gipuzkoa";"";""
"125";"sectorial-provincial";"hosteleria";"Girona";"Convenio Hostelería Girona";"convenio hostelería girona";"convenio hostelería girona 2026";"tabla salarial hostelería girona";"";""
"126";"sectorial-provincial";"hosteleria";"Granada";"Convenio Hostelería Granada";"convenio hostelería granada";"convenio hostelería granada 2026";"tabla salarial hostelería granada";"";""
"127";"sectorial-provincial";"hosteleria";"Guadalajara";"Convenio Hostelería Guadalajara";"convenio hostelería guadalajara";"convenio hostelería guadalajara 2026";"tabla salarial hostelería guadalajara";"";""
"128";"sectorial-provincial";"hosteleria";"Huelva";"Convenio Hostelería Huelva";"convenio hostelería huelva";"convenio hostelería huelva 2026";"tabla salarial hostelería huelva";"";""
"129";"sectorial-provincial";"hosteleria";"Huesca";"Convenio Hostelería Huesca";"convenio hostelería huesca";"convenio hostelería huesca 2026";"tabla salarial hostelería huesca";"";""
"130";"sectorial-provincial";"hosteleria";"Jaén";"Convenio Hostelería Jaén";"convenio hostelería jaén";"convenio hostelería jaén 2026";"tabla salarial hostelería jaén";"";""
"131";"sectorial-provincial";"hosteleria";"León";"Convenio Hostelería León";"convenio hostelería león";"convenio hostelería león 2026";"tabla salarial hostelería león";"";""
"132";"sectorial-provincial";"hosteleria";"Lleida";"Convenio Hostelería Lleida";"convenio hostelería lleida";"convenio hostelería lleida 2026";"tabla salarial hostelería lleida";"";""
"133";"sectorial-provincial";"hosteleria";"Lugo";"Convenio Hostelería Lugo";"convenio hostelería lugo";"convenio hostelería lugo 2026";"tabla salarial hostelería lugo";"";""
"134";"sectorial-provincial";"hosteleria";"Madrid";"Convenio Hostelería Madrid";"convenio hostelería madrid";"convenio hostelería madrid 2026";"tabla salarial hostelería madrid";"";""
"135";"sectorial-provincial";"hosteleria";"Málaga";"Convenio Hostelería Málaga";"convenio hostelería málaga";"convenio hostelería málaga 2026";"tabla salarial hostelería málaga";"";""
"136";"sectorial-provincial";"hosteleria";"Murcia";"Convenio Hostelería Murcia";"convenio hostelería murcia";"convenio hostelería murcia 2026";"tabla salarial hostelería murcia";"";""
"137";"sectorial-provincial";"hosteleria";"Navarra";"Convenio Hostelería Navarra";"convenio hostelería navarra";"convenio hostelería navarra 2026";"tabla salarial hostelería navarra";"";""
"138";"sectorial-provincial";"hosteleria";"Ourense";"Convenio Hostelería Ourense";"convenio hostelería ourense";"convenio hostelería ourense 2026";"tabla salarial hostelería ourense";"";""
"139";"sectorial-provincial";"hosteleria";"Palencia";"Convenio Hostelería Palencia";"convenio hostelería palencia";"convenio hostelería palencia 2026";"tabla salarial hostelería palencia";"";""
"140";"sectorial-provincial";"hosteleria";"Las Palmas";"Convenio Hostelería Las Palmas";"convenio hostelería las palmas";"convenio hostelería las palmas 2026";"tabla salarial hostelería las palmas";"";""
"141";"sectorial-provincial";"hosteleria";"Pontevedra";"Convenio Hostelería Pontevedra";"convenio hostelería pontevedra";"convenio hostelería pontevedra 2026";"tabla salarial hostelería pontevedra";"";""
"142";"sectorial-provincial";"hosteleria";"La Rioja";"Convenio Hostelería La Rioja";"convenio hostelería la rioja";"convenio hostelería la rioja 2026";"tabla salarial hostelería la rioja";"";""
"143";"sectorial-provincial";"hosteleria";"Salamanca";"Convenio Hostelería Salamanca";"convenio hostelería salamanca";"convenio hostelería salamanca 2026";"tabla salarial hostelería salamanca";"";""
"144";"sectorial-provincial";"hosteleria";"Segovia";"Convenio Hostelería Segovia";"convenio hostelería segovia";"convenio hostelería segovia 2026";"tabla salarial hostelería segovia";"";""
"145";"sectorial-provincial";"hosteleria";"Sevilla";"Convenio Hostelería Sevilla";"convenio hostelería sevilla";"convenio hostelería sevilla 2026";"tabla salarial hostelería sevilla";"";""
"146";"sectorial-provincial";"hosteleria";"Soria";"Convenio Hostelería Soria";"convenio hostelería soria";"convenio hostelería soria 2026";"tabla salarial hostelería soria";"";""
"147";"sectorial-provincial";"hosteleria";"Tenerife";"Convenio Hostelería Tenerife";"convenio hostelería tenerife";"convenio hostelería tenerife 2026";"tabla salarial hostelería tenerife";"";""
"148";"sectorial-provincial";"hosteleria";"Tarragona";"Convenio Hostelería Tarragona";"convenio hostelería tarragona";"convenio hostelería tarragona 2026";"tabla salarial hostelería tarragona";"";""
"149";"sectorial-provincial";"hosteleria";"Teruel";"Convenio Hostelería Teruel";"convenio hostelería teruel";"convenio hostelería teruel 2026";"tabla salarial hostelería teruel";"";""
"150";"sectorial-provincial";"hosteleria";"Toledo";"Convenio Hostelería Toledo";"convenio hostelería toledo";"convenio hostelería toledo 2026";"tabla salarial hostelería toledo";"";""
"151";"sectorial-provincial";"hosteleria";"Valencia";"Convenio Hostelería Valencia";"convenio hostelería valencia";"convenio hostelería valencia 2026";"tabla salarial hostelería valencia";"";""
"152";"sectorial-provincial";"hosteleria";"Valladolid";"Convenio Hostelería Valladolid";"convenio hostelería valladolid";"convenio hostelería valladolid 2026";"tabla salarial hostelería valladolid";"";""
"153";"sectorial-provincial";"hosteleria";"Zamora";"Convenio Hostelería Zamora";"convenio hostelería zamora";"convenio hostelería zamora 2026";"tabla salarial hostelería zamora";"";""
"154";"sectorial-provincial";"hosteleria";"Zaragoza";"Convenio Hostelería Zaragoza";"convenio hostelería zaragoza";"convenio hostelería zaragoza 2026";"tabla salarial hostelería zaragoza";"";""
"155";"sectorial-provincial";"hosteleria";"Ceuta";"Convenio Hostelería Ceuta";"convenio hostelería ceuta";"convenio hostelería ceuta 2026";"tabla salarial hostelería ceuta";"";""
"156";"sectorial-provincial";"hosteleria";"Melilla";"Convenio Hostelería Melilla";"convenio hostelería melilla";"convenio hostelería melilla 2026";"tabla salarial hostelería melilla";"";""
"157";"sectorial-provincial";"construccion";"Álava";"Convenio Construcción Álava";"convenio construcción álava";"convenio construcción álava 2026";"tabla salarial construcción álava";"";""
"158";"sectorial-provincial";"construccion";"Albacete";"Convenio Construcción Albacete";"convenio construcción albacete";"convenio construcción albacete 2026";"tabla salarial construcción albacete";"";""
"159";"sectorial-provincial";"construccion";"Alicante";"Convenio Construcción Alicante";"convenio construcción alicante";"convenio construcción alicante 2026";"tabla salarial construcción alicante";"";""
"160";"sectorial-provincial";"construccion";"Almería";"Convenio Construcción Almería";"convenio construcción almería";"convenio construcción almería 2026";"tabla salarial construcción almería";"";""
"161";"sectorial-provincial";"construccion";"Asturias";"Convenio Construcción Asturias";"convenio construcción asturias";"convenio construcción asturias 2026";"tabla salarial construcción asturias";"";""
"162";"sectorial-provincial";"construccion";"Ávila";"Convenio Construcción Ávila";"convenio construcción ávila";"convenio construcción ávila 2026";"tabla salarial construcción ávila";"";""
"163";"sectorial-provincial";"construccion";"Badajoz";"Convenio Construcción Badajoz";"convenio construcción badajoz";"convenio construcción badajoz 2026";"tabla salarial construcción badajoz";"";""
"164";"sectorial-provincial";"construccion";"Baleares";"Convenio Construcción Baleares";"convenio construcción baleares";"convenio construcción baleares 2026";"tabla salarial construcción baleares";"";""
"165";"sectorial-provincial";"construccion";"Barcelona";"Convenio Construcción Barcelona";"convenio construcción barcelona";"convenio construcción barcelona 2026";"tabla salarial construcción barcelona";"";""
"166";"sectorial-provincial";"construccion";"Bizkaia";"Convenio Construcción Bizkaia";"convenio construcción bizkaia";"convenio construcción bizkaia 2026";"tabla salarial construcción bizkaia";"";""
"167";"sectorial-provincial";"construccion";"Burgos";"Convenio Construcción Burgos";"convenio construcción burgos";"convenio construcción burgos 2026";"tabla salarial construcción burgos";"";""
"168";"sectorial-provincial";"construccion";"Cáceres";"Convenio Construcción Cáceres";"convenio construcción cáceres";"convenio construcción cáceres 2026";"tabla salarial construcción cáceres";"";""
"169";"sectorial-provincial";"construccion";"Cádiz";"Convenio Construcción Cádiz";"convenio construcción cádiz";"convenio construcción cádiz 2026";"tabla salarial construcción cádiz";"";""
"170";"sectorial-provincial";"construccion";"Cantabria";"Convenio Construcción Cantabria";"convenio construcción cantabria";"convenio construcción cantabria 2026";"tabla salarial construcción cantabria";"";""
"171";"sectorial-provincial";"construccion";"Castellón";"Convenio Construcción Castellón";"convenio construcción castellón";"convenio construcción castellón 2026";"tabla salarial construcción castellón";"";""
"172";"sectorial-provincial";"construccion";"Ciudad Real";"Convenio Construcción Ciudad Real";"convenio construcción ciudad real";"convenio construcción ciudad real 2026";"tabla salarial construcción ciudad real";"";""
"173";"sectorial-provincial";"construccion";"Córdoba";"Convenio Construcción Córdoba";"convenio construcción córdoba";"convenio construcción córdoba 2026";"tabla salarial construcción córdoba";"";""
"174";"sectorial-provincial";"construccion";"A Coruña";"Convenio Construcción A Coruña";"convenio construcción a coruña";"convenio construcción a coruña 2026";"tabla salarial construcción a coruña";"";""
"175";"sectorial-provincial";"construccion";"Cuenca";"Convenio Construcción Cuenca";"convenio construcción cuenca";"convenio construcción cuenca 2026";"tabla salarial construcción cuenca";"";""
"176";"sectorial-provincial";"construccion";"Gipuzkoa";"Convenio Construcción Gipuzkoa";"convenio construcción gipuzkoa";"convenio construcción gipuzkoa 2026";"tabla salarial construcción gipuzkoa";"";""
"177";"sectorial-provincial";"construccion";"Girona";"Convenio Construcción Girona";"convenio construcción girona";"convenio construcción girona 2026";"tabla salarial construcción girona";"";""
"178";"sectorial-provincial";"construccion";"Granada";"Convenio Construcción Granada";"convenio construcción granada";"convenio construcción granada 2026";"tabla salarial construcción granada";"";""
"179";"sectorial-provincial";"construccion";"Guadalajara";"Convenio Construcción Guadalajara";"convenio construcción guadalajara";"convenio construcción guadalajara 2026";"tabla salarial construcción guadalajara";"";""
"180";"sectorial-provincial";"construccion";"Huelva";"Convenio Construcción Huelva";"convenio construcción huelva";"convenio construcción huelva 2026";"tabla salarial construcción huelva";"";""
"181";"sectorial-provincial";"construccion";"Huesca";"Convenio Construcción Huesca";"convenio construcción huesca";"convenio construcción huesca 2026";"tabla salarial construcción huesca";"";""
"182";"sectorial-provincial";"construccion";"Jaén";"Convenio Construcción Jaén";"convenio construcción jaén";"convenio construcción jaén 2026";"tabla salarial construcción jaén";"";""
"183";"sectorial-provincial";"construccion";"León";"Convenio Construcción León";"convenio construcción león";"convenio construcción león 2026";"tabla salarial construcción león";"";""
"184";"sectorial-provincial";"construccion";"Lleida";"Convenio Construcción Lleida";"convenio construcción lleida";"convenio construcción lleida 2026";"tabla salarial construcción lleida";"";""
"185";"sectorial-provincial";"construccion";"Lugo";"Convenio Construcción Lugo";"convenio construcción lugo";"convenio construcción lugo 2026";"tabla salarial construcción lugo";"";""
"186";"sectorial-provincial";"construccion";"Madrid";"Convenio Construcción Madrid";"convenio construcción madrid";"convenio construcción madrid 2026";"tabla salarial construcción madrid";"";""
"187";"sectorial-provincial";"construccion";"Málaga";"Convenio Construcción Málaga";"convenio construcción málaga";"convenio construcción málaga 2026";"tabla salarial construcción málaga";"";""
"188";"sectorial-provincial";"construccion";"Murcia";"Convenio Construcción Murcia";"convenio construcción murcia";"convenio construcción murcia 2026";"tabla salarial construcción murcia";"";""
"189";"sectorial-provincial";"construccion";"Navarra";"Convenio Construcción Navarra";"convenio construcción navarra";"convenio construcción navarra 2026";"tabla salarial construcción navarra";"";""
"190";"sectorial-provincial";"construccion";"Ourense";"Convenio Construcción Ourense";"convenio construcción ourense";"convenio construcción ourense 2026";"tabla salarial construcción ourense";"";""
"191";"sectorial-provincial";"construccion";"Palencia";"Convenio Construcción Palencia";"convenio construcción palencia";"convenio construcción palencia 2026";"tabla salarial construcción palencia";"";""
"192";"sectorial-provincial";"construccion";"Las Palmas";"Convenio Construcción Las Palmas";"convenio construcción las palmas";"convenio construcción las palmas 2026";"tabla salarial construcción las palmas";"";""
"193";"sectorial-provincial";"construccion";"Pontevedra";"Convenio Construcción Pontevedra";"convenio construcción pontevedra";"convenio construcción pontevedra 2026";"tabla salarial construcción pontevedra";"";""
"194";"sectorial-provincial";"construccion";"La Rioja";"Convenio Construcción La Rioja";"convenio construcción la rioja";"convenio construcción la rioja 2026";"tabla salarial construcción la rioja";"";""
"195";"sectorial-provincial";"construccion";"Salamanca";"Convenio Construcción Salamanca";"convenio construcción salamanca";"convenio construcción salamanca 2026";"tabla salarial construcción salamanca";"";""
"196";"sectorial-provincial";"construccion";"Segovia";"Convenio Construcción Segovia";"convenio construcción segovia";"convenio construcción segovia 2026";"tabla salarial construcción segovia";"";""
"197";"sectorial-provincial";"construccion";"Sevilla";"Convenio Construcción Sevilla";"convenio construcción sevilla";"convenio construcción sevilla 2026";"tabla salarial construcción sevilla";"";""
"198";"sectorial-provincial";"construccion";"Soria";"Convenio Construcción Soria";"convenio construcción soria";"convenio construcción soria 2026";"tabla salarial construcción soria";"";""
"199";"sectorial-provincial";"construccion";"Tenerife";"Convenio Construcción Tenerife";"convenio construcción tenerife";"convenio construcción tenerife 2026";"tabla salarial construcción tenerife";"";""
"200";"sectorial-provincial";"construccion";"Tarragona";"Convenio Construcción Tarragona";"convenio construcción tarragona";"convenio construcción tarragona 2026";"tabla salarial construcción tarragona";"";""
"201";"sectorial-provincial";"construccion";"Teruel";"Convenio Construcción Teruel";"convenio construcción teruel";"convenio construcción teruel 2026";"tabla salarial construcción teruel";"";""
"202";"sectorial-provincial";"construccion";"Toledo";"Convenio Construcción Toledo";"convenio construcción toledo";"convenio construcción toledo 2026";"tabla salarial construcción toledo";"";""
"203";"sectorial-provincial";"construccion";"Valencia";"Convenio Construcción Valencia";"convenio construcción valencia";"convenio construcción valencia 2026";"tabla salarial construcción valencia";"";""
"204";"sectorial-provincial";"construccion";"Valladolid";"Convenio Construcción Valladolid";"convenio construcción valladolid";"convenio construcción valladolid 2026";"tabla salarial construcción valladolid";"";""
"205";"sectorial-provincial";"construccion";"Zamora";"Convenio Construcción Zamora";"convenio construcción zamora";"convenio construcción zamora 2026";"tabla salarial construcción zamora";"";""
"206";"sectorial-provincial";"construccion";"Zaragoza";"Convenio Construcción Zaragoza";"convenio construcción zaragoza";"convenio construcción zaragoza 2026";"tabla salarial construcción zaragoza";"";""
"207";"sectorial-provincial";"construccion";"Ceuta";"Convenio Construcción Ceuta";"convenio construcción ceuta";"convenio construcción ceuta 2026";"tabla salarial construcción ceuta";"";""
"208";"sectorial-provincial";"construccion";"Melilla";"Convenio Construcción Melilla";"convenio construcción melilla";"convenio construcción melilla 2026";"tabla salarial construcción melilla";"";""
"209";"sectorial-provincial";"transporte-mercancias";"Álava";"Convenio Transporte de Mercancías por Carretera Álava";"convenio transporte de mercancías por carretera álava";"convenio transporte de mercancías por carretera álava 2026";"tabla salarial transporte de mercancías por carretera álava";"";""
"210";"sectorial-provincial";"transporte-mercancias";"Albacete";"Convenio Transporte de Mercancías por Carretera Albacete";"convenio transporte de mercancías por carretera albacete";"convenio transporte de mercancías por carretera albacete 2026";"tabla salarial transporte de mercancías por carretera albacete";"";""
"211";"sectorial-provincial";"transporte-mercancias";"Alicante";"Convenio Transporte de Mercancías por Carretera Alicante";"convenio transporte de mercancías por carretera alicante";"convenio transporte de mercancías por carretera alicante 2026";"tabla salarial transporte de mercancías por carretera alicante";"";""
"212";"sectorial-provincial";"transporte-mercancias";"Almería";"Convenio Transporte de Mercancías por Carretera Almería";"convenio transporte de mercancías por carretera almería";"convenio transporte de mercancías por carretera almería 2026";"tabla salarial transporte de mercancías por carretera almería";"";""
"213";"sectorial-provincial";"transporte-mercancias";"Asturias";"Convenio Transporte de Mercancías por Carretera Asturias";"convenio transporte de mercancías por carretera asturias";"convenio transporte de mercancías por carretera asturias 2026";"tabla salarial transporte de mercancías por carretera asturias";"";""
"214";"sectorial-provincial";"transporte-mercancias";"Ávila";"Convenio Transporte de Mercancías por Carretera Ávila";"convenio transporte de mercancías por carretera ávila";"convenio transporte de mercancías por carretera ávila 2026";"tabla salarial transporte de mercancías por carretera ávila";"";""
"215";"sectorial-provincial";"transporte-mercancias";"Badajoz";"Convenio Transporte de Mercancías por Carretera Badajoz";"convenio transporte de mercancías por carretera badajoz";"convenio transporte de mercancías por carretera badajoz 2026";"tabla salarial transporte de mercancías por carretera badajoz";"";""
"216";"sectorial-provincial";"transporte-mercancias";"Baleares";"Convenio Transporte de Mercancías por Carretera Baleares";"convenio transporte de mercancías por carretera baleares";"convenio transporte de mercancías por carretera baleares 2026";"tabla salarial transporte de mercancías por carretera baleares";"";""
"217";"sectorial-provincial";"transporte-mercancias";"Barcelona";"Convenio Transporte de Mercancías por Carretera Barcelona";"convenio transporte de mercancías por carretera barcelona";"convenio transporte de mercancías por carretera barcelona 2026";"tabla salarial transporte de mercancías por carretera barcelona";"";""
"218";"sectorial-provincial";"transporte-mercancias";"Bizkaia";"Convenio Transporte de Mercancías por Carretera Bizkaia";"convenio transporte de mercancías por carretera bizkaia";"convenio transporte de mercancías por carretera bizkaia 2026";"tabla salarial transporte de mercancías por carretera bizkaia";"";""
"219";"sectorial-provincial";"transporte-mercancias";"Burgos";"Convenio Transporte de Mercancías por Carretera Burgos";"convenio transporte de mercancías por carretera burgos";"convenio transporte de mercancías por carretera burgos 2026";"tabla salarial transporte de mercancías por carretera burgos";"";""
"220";"sectorial-provincial";"transporte-mercancias";"Cáceres";"Convenio Transporte de Mercancías por Carretera Cáceres";"convenio transporte de mercancías por carretera cáceres";"convenio transporte de mercancías por carretera cáceres 2026";"tabla salarial transporte de mercancías por carretera cáceres";"";""
"221";"sectorial-provincial";"transporte-mercancias";"Cádiz";"Convenio Transporte de Mercancías por Carretera Cádiz";"convenio transporte de mercancías por carretera cádiz";"convenio transporte de mercancías por carretera cádiz 2026";"tabla salarial transporte de mercancías por carretera cádiz";"";""
"222";"sectorial-provincial";"transporte-mercancias";"Cantabria";"Convenio Transporte de Mercancías por Carretera Cantabria";"convenio transporte de mercancías por carretera cantabria";"convenio transporte de mercancías por carretera cantabria 2026";"tabla salarial transporte de mercancías por carretera cantabria";"";""
"223";"sectorial-provincial";"transporte-mercancias";"Castellón";"Convenio Transporte de Mercancías por Carretera Castellón";"convenio transporte de mercancías por carretera castellón";"convenio transporte de mercancías por carretera castellón 2026";"tabla salarial transporte de mercancías por carretera castellón";"";""
"224";"sectorial-provincial";"transporte-mercancias";"Ciudad Real";"Convenio Transporte de Mercancías por Carretera Ciudad Real";"convenio transporte de mercancías por carretera ciudad real";"convenio transporte de mercancías por carretera ciudad real 2026";"tabla salarial transporte de mercancías por carretera ciudad real";"";""
"225";"sectorial-provincial";"transporte-mercancias";"Córdoba";"Convenio Transporte de Mercancías por Carretera Córdoba";"convenio transporte de mercancías por carretera córdoba";"convenio transporte de mercancías por carretera córdoba 2026";"tabla salarial transporte de mercancías por carretera córdoba";"";""
"226";"sectorial-provincial";"transporte-mercancias";"A Coruña";"Convenio Transporte de Mercancías por Carretera A Coruña";"convenio transporte de mercancías por carretera a coruña";"convenio transporte de mercancías por carretera a coruña 2026";"tabla salarial transporte de mercancías por carretera a coruña";"";""
"227";"sectorial-provincial";"transporte-mercancias";"Cuenca";"Convenio Transporte de Mercancías por Carretera Cuenca";"convenio transporte de mercancías por carretera cuenca";"convenio transporte de mercancías por carretera cuenca 2026";"tabla salarial transporte de mercancías por carretera cuenca";"";""
"228";"sectorial-provincial";"transporte-mercancias";"Gipuzkoa";"Convenio Transporte de Mercancías por Carretera Gipuzkoa";"convenio transporte de mercancías por carretera gipuzkoa";"convenio transporte de mercancías por carretera gipuzkoa 2026";"tabla salarial transporte de mercancías por carretera gipuzkoa";"";""
"229";"sectorial-provincial";"transporte-mercancias";"Girona";"Convenio Transporte de Mercancías por Carretera Girona";"convenio transporte de mercancías por carretera girona";"convenio transporte de mercancías por carretera girona 2026";"tabla salarial transporte de mercancías por carretera girona";"";""
"230";"sectorial-provincial";"transporte-mercancias";"Granada";"Convenio Transporte de Mercancías por Carretera Granada";"convenio transporte de mercancías por carretera granada";"convenio transporte de mercancías por carretera granada 2026";"tabla salarial transporte de mercancías por carretera granada";"";""
"231";"sectorial-provincial";"transporte-mercancias";"Guadalajara";"Convenio Transporte de Mercancías por Carretera Guadalajara";"convenio transporte de mercancías por carretera guadalajara";"convenio transporte de mercancías por carretera guadalajara 2026";"tabla salarial transporte de mercancías por carretera guadalajara";"";""
"232";"sectorial-provincial";"transporte-mercancias";"Huelva";"Convenio Transporte de Mercancías por Carretera Huelva";"convenio transporte de mercancías por carretera huelva";"convenio transporte de mercancías por carretera huelva 2026";"tabla salarial transporte de mercancías por carretera huelva";"";""
"233";"sectorial-provincial";"transporte-mercancias";"Huesca";"Convenio Transporte de Mercancías por Carretera Huesca";"convenio transporte de mercancías por carretera huesca";"convenio transporte de mercancías por carretera huesca 2026";"tabla salarial transporte de mercancías por carretera huesca";"";""
"234";"sectorial-provincial";"transporte-mercancias";"Jaén";"Convenio Transporte de Mercancías por Carretera Jaén";"convenio transporte de mercancías por carretera jaén";"convenio transporte de mercancías por carretera jaén 2026";"tabla salarial transporte de mercancías por carretera jaén";"";""
"235";"sectorial-provincial";"transporte-mercancias";"León";"Convenio Transporte de Mercancías por Carretera León";"convenio transporte de mercancías por carretera león";"convenio transporte de mercancías por carretera león 2026";"tabla salarial transporte de mercancías por carretera león";"";""
"236";"sectorial-provincial";"transporte-mercancias";"Lleida";"Convenio Transporte de Mercancías por Carretera Lleida";"convenio transporte de mercancías por carretera lleida";"convenio transporte de mercancías por carretera lleida 2026";"tabla salarial transporte de mercancías por carretera lleida";"";""
"237";"sectorial-provincial";"transporte-mercancias";"Lugo";"Convenio Transporte de Mercancías por Carretera Lugo";"convenio transporte de mercancías por carretera lugo";"convenio transporte de mercancías por carretera lugo 2026";"tabla salarial transporte de mercancías por carretera lugo";"";""
"238";"sectorial-provincial";"transporte-mercancias";"Madrid";"Convenio Transporte de Mercancías por Carretera Madrid";"convenio transporte de mercancías por carretera madrid";"convenio transporte de mercancías por carretera madrid 2026";"tabla salarial transporte de mercancías por carretera madrid";"";""
"239";"sectorial-provincial";"transporte-mercancias";"Málaga";"Convenio Transporte de Mercancías por Carretera Málaga";"convenio transporte de mercancías por carretera málaga";"convenio transporte de mercancías por carretera málaga 2026";"tabla salarial transporte de mercancías por carretera málaga";"";""
"240";"sectorial-provincial";"transporte-mercancias";"Murcia";"Convenio Transporte de Mercancías por Carretera Murcia";"convenio transporte de mercancías por carretera murcia";"convenio transporte de mercancías por carretera murcia 2026";"tabla salarial transporte de mercancías por carretera murcia";"";""
"241";"sectorial-provincial";"transporte-mercancias";"Navarra";"Convenio Transporte de Mercancías por Carretera Navarra";"convenio transporte de mercancías por carretera navarra";"convenio transporte de mercancías por carretera navarra 2026";"tabla salarial transporte de mercancías por carretera navarra";"";""
"242";"sectorial-provincial";"transporte-mercancias";"Ourense";"Convenio Transporte de Mercancías por Carretera Ourense";"convenio transporte de mercancías por carretera ourense";"convenio transporte de mercancías por carretera ourense 2026";"tabla salarial transporte de mercancías por carretera ourense";"";""
"243";"sectorial-provincial";"transporte-mercancias";"Palencia";"Convenio Transporte de Mercancías por Carretera Palencia";"convenio transporte de mercancías por carretera palencia";"convenio transporte de mercancías por carretera palencia 2026";"tabla salarial transporte de mercancías por carretera palencia";"";""
"244";"sectorial-provincial";"transporte-mercancias";"Las Palmas";"Convenio Transporte de Mercancías por Carretera Las Palmas";"convenio transporte de mercancías por carretera las palmas";"convenio transporte de mercancías por carretera las palmas 2026";"tabla salarial transporte de mercancías por carretera las palmas";"";""
"245";"sectorial-provincial";"transporte-mercancias";"Pontevedra";"Convenio Transporte de Mercancías por Carretera Pontevedra";"convenio transporte de mercancías por carretera pontevedra";"convenio transporte de mercancías por carretera pontevedra 2026";"tabla salarial transporte de mercancías por carretera pontevedra";"";""
"246";"sectorial-provincial";"transporte-mercancias";"La Rioja";"Convenio Transporte de Mercancías por Carretera La Rioja";"convenio transporte de mercancías por carretera la rioja";"convenio transporte de mercancías por carretera la rioja 2026";"tabla salarial transporte de mercancías por carretera la rioja";"";""
"247";"sectorial-provincial";"transporte-mercancias";"Salamanca";"Convenio Transporte de Mercancías por Carretera Salamanca";"convenio transporte de mercancías por carretera salamanca";"convenio transporte de mercancías por carretera salamanca 2026";"tabla salarial transporte de mercancías por carretera salamanca";"";""
"248";"sectorial-provincial";"transporte-mercancias";"Segovia";"Convenio Transporte de Mercancías por Carretera Segovia";"convenio transporte de mercancías por carretera segovia";"convenio transporte de mercancías por carretera segovia 2026";"tabla salarial transporte de mercancías por carretera segovia";"";""
"249";"sectorial-provincial";"transporte-mercancias";"Sevilla";"Convenio Transporte de Mercancías por Carretera Sevilla";"convenio transporte de mercancías por carretera sevilla";"convenio transporte de mercancías por carretera sevilla 2026";"tabla salarial transporte de mercancías por carretera sevilla";"";""
"250";"sectorial-provincial";"transporte-mercancias";"Soria";"Convenio Transporte de Mercancías por Carretera Soria";"convenio transporte de mercancías por carretera soria";"convenio transporte de mercancías por carretera soria 2026";"tabla salarial transporte de mercancías por carretera soria";"";""
"251";"sectorial-provincial";"transporte-mercancias";"Tenerife";"Convenio Transporte de Mercancías por Carretera Tenerife";"convenio transporte de mercancías por carretera tenerife";"convenio transporte de mercancías por carretera tenerife 2026";"tabla salarial transporte de mercancías por carretera tenerife";"";""
"252";"sectorial-provincial";"transporte-mercancias";"Tarragona";"Convenio Transporte de Mercancías por Carretera Tarragona";"convenio transporte de mercancías por carretera tarragona";"convenio transporte de mercancías por carretera tarragona 2026";"tabla salarial transporte de mercancías por carretera tarragona";"";""
"253";"sectorial-provincial";"transporte-mercancias";"Teruel";"Convenio Transporte de Mercancías por Carretera Teruel";"convenio transporte de mercancías por carretera teruel";"convenio transporte de mercancías por carretera teruel 2026";"tabla salarial transporte de mercancías por carretera teruel";"";""
"254";"sectorial-provincial";"transporte-mercancias";"Toledo";"Convenio Transporte de Mercancías por Carretera Toledo";"convenio transporte de mercancías por carretera toledo";"convenio transporte de mercancías por carretera toledo 2026";"tabla salarial transporte de mercancías por carretera toledo";"";""
"255";"sectorial-provincial";"transporte-mercancias";"Valencia";"Convenio Transporte de Mercancías por Carretera Valencia";"convenio transporte de mercancías por carretera valencia";"convenio transporte de mercancías por carretera valencia 2026";"tabla salarial transporte de mercancías por carretera valencia";"";""
"256";"sectorial-provincial";"transporte-mercancias";"Valladolid";"Convenio Transporte de Mercancías por Carretera Valladolid";"convenio transporte de mercancías por carretera valladolid";"convenio transporte de mercancías por carretera valladolid 2026";"tabla salarial transporte de mercancías por carretera valladolid";"";""
"257";"sectorial-provincial";"transporte-mercancias";"Zamora";"Convenio Transporte de Mercancías por Carretera Zamora";"convenio transporte de mercancías por carretera zamora";"convenio transporte de mercancías por carretera zamora 2026";"tabla salarial transporte de mercancías por carretera zamora";"";""
"258";"sectorial-provincial";"transporte-mercancias";"Zaragoza";"Convenio Transporte de Mercancías por Carretera Zaragoza";"convenio transporte de mercancías por carretera zaragoza";"convenio transporte de mercancías por carretera zaragoza 2026";"tabla salarial transporte de mercancías por carretera zaragoza";"";""
"259";"sectorial-provincial";"transporte-mercancias";"Ceuta";"Convenio Transporte de Mercancías por Carretera Ceuta";"convenio transporte de mercancías por carretera ceuta";"convenio transporte de mercancías por carretera ceuta 2026";"tabla salarial transporte de mercancías por carretera ceuta";"";""
"260";"sectorial-provincial";"transporte-mercancias";"Melilla";"Convenio Transporte de Mercancías por Carretera Melilla";"convenio transporte de mercancías por carretera melilla";"convenio transporte de mercancías por carretera melilla 2026";"tabla salarial transporte de mercancías por carretera melilla";"";""
"261";"sectorial-provincial";"comercio-metal";"Madrid";"Convenio Comercio del Metal Madrid";"convenio comercio del metal madrid";"convenio comercio del metal madrid 2026";"tabla salarial comercio del metal madrid";"";""
"262";"sectorial-provincial";"comercio-metal";"Barcelona";"Convenio Comercio del Metal Barcelona";"convenio comercio del metal barcelona";"convenio comercio del metal barcelona 2026";"tabla salarial comercio del metal barcelona";"";""
"263";"sectorial-provincial";"comercio-metal";"Valencia";"Convenio Comercio del Metal Valencia";"convenio comercio del metal valencia";"convenio comercio del metal valencia 2026";"tabla salarial comercio del metal valencia";"";""
"264";"sectorial-provincial";"comercio-metal";"Bizkaia";"Convenio Comercio del Metal Bizkaia";"convenio comercio del metal bizkaia";"convenio comercio del metal bizkaia 2026";"tabla salarial comercio del metal bizkaia";"";""
"265";"sectorial-provincial";"comercio-metal";"Gipuzkoa";"Convenio Comercio del Metal Gipuzkoa";"convenio comercio del metal gipuzkoa";"convenio comercio del metal gipuzkoa 2026";"tabla salarial comercio del metal gipuzkoa";"";""
"266";"sectorial-provincial";"comercio-metal";"Álava";"Convenio Comercio del Metal Álava";"convenio comercio del metal álava";"convenio comercio del metal álava 2026";"tabla salarial comercio del metal álava";"";""
"267";"sectorial-provincial";"comercio-metal";"Sevilla";"Convenio Comercio del Metal Sevilla";"convenio comercio del metal sevilla";"convenio comercio del metal sevilla 2026";"tabla salarial comercio del metal sevilla";"";""
"268";"sectorial-provincial";"comercio-metal";"Zaragoza";"Convenio Comercio del Metal Zaragoza";"convenio comercio del metal zaragoza";"convenio comercio del metal zaragoza 2026";"tabla salarial comercio del metal zaragoza";"";""
"269";"sectorial-provincial";"comercio-metal";"Asturias";"Convenio Comercio del Metal Asturias";"convenio comercio del metal asturias";"convenio comercio del metal asturias 2026";"tabla salarial comercio del metal asturias";"";""
"270";"sectorial-provincial";"comercio-metal";"A Coruña";"Convenio Comercio del Metal A Coruña";"convenio comercio del metal a coruña";"convenio comercio del metal a coruña 2026";"tabla salarial comercio del metal a coruña";"";""
"271";"sectorial-provincial";"comercio-metal";"Tarragona";"Convenio Comercio del Metal Tarragona";"convenio comercio del metal tarragona";"convenio comercio del metal tarragona 2026";"tabla salarial comercio del metal tarragona";"";""
"272";"sectorial-provincial";"comercio-metal";"Cádiz";"Convenio Comercio del Metal Cádiz";"convenio comercio del metal cádiz";"convenio comercio del metal cádiz 2026";"tabla salarial comercio del metal cádiz";"";""
"273";"sectorial-provincial";"comercio-metal";"Málaga";"Convenio Comercio del Metal Málaga";"convenio comercio del metal málaga";"convenio comercio del metal málaga 2026";"tabla salarial comercio del metal málaga";"";""
"274";"sectorial-provincial";"comercio-metal";"Granada";"Convenio Comercio del Metal Granada";"convenio comercio del metal granada";"convenio comercio del metal granada 2026";"tabla salarial comercio del metal granada";"";""
"275";"sectorial-provincial";"comercio-metal";"Las Palmas";"Convenio Comercio del Metal Las Palmas";"convenio comercio del metal las palmas";"convenio comercio del metal las palmas 2026";"tabla salarial comercio del metal las palmas";"";""
"276";"sectorial-provincial";"comercio-metal";"Tenerife";"Convenio Comercio del Metal Tenerife";"convenio comercio del metal tenerife";"convenio comercio del metal tenerife 2026";"tabla salarial comercio del metal tenerife";"";""
"277";"sectorial-provincial";"comercio-metal";"Baleares";"Convenio Comercio del Metal Baleares";"convenio comercio del metal baleares";"convenio comercio del metal baleares 2026";"tabla salarial comercio del metal baleares";"";""
"278";"sectorial-provincial";"comercio-metal";"Navarra";"Convenio Comercio del Metal Navarra";"convenio comercio del metal navarra";"convenio comercio del metal navarra 2026";"tabla salarial comercio del metal navarra";"";""
"279";"sectorial-provincial";"comercio-metal";"Murcia";"Convenio Comercio del Metal Murcia";"convenio comercio del metal murcia";"convenio comercio del metal murcia 2026";"tabla salarial comercio del metal murcia";"";""
"280";"sectorial-provincial";"comercio-metal";"Alicante";"Convenio Comercio del Metal Alicante";"convenio comercio del metal alicante";"convenio comercio del metal alicante 2026";"tabla salarial comercio del metal alicante";"";""
"281";"sectorial-provincial";"oficinas-despachos";"Madrid";"Convenio Oficinas y Despachos Madrid";"convenio oficinas y despachos madrid";"convenio oficinas y despachos madrid 2026";"tabla salarial oficinas y despachos madrid";"";""
"282";"sectorial-provincial";"oficinas-despachos";"Barcelona";"Convenio Oficinas y Despachos Barcelona";"convenio oficinas y despachos barcelona";"convenio oficinas y despachos barcelona 2026";"tabla salarial oficinas y despachos barcelona";"";""
"283";"sectorial-provincial";"oficinas-despachos";"Valencia";"Convenio Oficinas y Despachos Valencia";"convenio oficinas y despachos valencia";"convenio oficinas y despachos valencia 2026";"tabla salarial oficinas y despachos valencia";"";""
"284";"sectorial-provincial";"oficinas-despachos";"Bizkaia";"Convenio Oficinas y Despachos Bizkaia";"convenio oficinas y despachos bizkaia";"convenio oficinas y despachos bizkaia 2026";"tabla salarial oficinas y despachos bizkaia";"";""
"285";"sectorial-provincial";"oficinas-despachos";"Gipuzkoa";"Convenio Oficinas y Despachos Gipuzkoa";"convenio oficinas y despachos gipuzkoa";"convenio oficinas y despachos gipuzkoa 2026";"tabla salarial oficinas y despachos gipuzkoa";"";""
"286";"sectorial-provincial";"oficinas-despachos";"Álava";"Convenio Oficinas y Despachos Álava";"convenio oficinas y despachos álava";"convenio oficinas y despachos álava 2026";"tabla salarial oficinas y despachos álava";"";""
"287";"sectorial-provincial";"oficinas-despachos";"Sevilla";"Convenio Oficinas y Despachos Sevilla";"convenio oficinas y despachos sevilla";"convenio oficinas y despachos sevilla 2026";"tabla salarial oficinas y despachos sevilla";"";""
"288";"sectorial-provincial";"oficinas-despachos";"Zaragoza";"Convenio Oficinas y Despachos Zaragoza";"convenio oficinas y despachos zaragoza";"convenio oficinas y despachos zaragoza 2026";"tabla salarial oficinas y despachos zaragoza";"";""
"289";"sectorial-provincial";"oficinas-despachos";"Asturias";"Convenio Oficinas y Despachos Asturias";"convenio oficinas y despachos asturias";"convenio oficinas y despachos asturias 2026";"tabla salarial oficinas y despachos asturias";"";""
"290";"sectorial-provincial";"oficinas-despachos";"A Coruña";"Convenio Oficinas y Despachos A Coruña";"convenio oficinas y despachos a coruña";"convenio oficinas y despachos a coruña 2026";"tabla salarial oficinas y despachos a coruña";"";""
"291";"sectorial-provincial";"oficinas-despachos";"Tarragona";"Convenio Oficinas y Despachos Tarragona";"convenio oficinas y despachos tarragona";"convenio oficinas y despachos tarragona 2026";"tabla salarial oficinas y despachos tarragona";"";""
"292";"sectorial-provincial";"oficinas-despachos";"Cádiz";"Convenio Oficinas y Despachos Cádiz";"convenio oficinas y despachos cádiz";"convenio oficinas y despachos cádiz 2026";"tabla salarial oficinas y despachos cádiz";"";""
"293";"sectorial-provincial";"oficinas-despachos";"Málaga";"Convenio Oficinas y Despachos Málaga";"convenio oficinas y despachos málaga";"convenio oficinas y despachos málaga 2026";"tabla salarial oficinas y despachos málaga";"";""
"294";"sectorial-provincial";"oficinas-despachos";"Granada";"Convenio Oficinas y Despachos Granada";"convenio oficinas y despachos granada";"convenio oficinas y despachos granada 2026";"tabla salarial oficinas y despachos granada";"";""
"295";"sectorial-provincial";"oficinas-despachos";"Las Palmas";"Convenio Oficinas y Despachos Las Palmas";"convenio oficinas y despachos las palmas";"convenio oficinas y despachos las palmas 2026";"tabla salarial oficinas y despachos las palmas";"";""
"296";"sectorial-provincial";"oficinas-despachos";"Tenerife";"Convenio Oficinas y Despachos Tenerife";"convenio oficinas y despachos tenerife";"convenio oficinas y despachos tenerife 2026";"tabla salarial oficinas y despachos tenerife";"";""
"297";"sectorial-provincial";"oficinas-despachos";"Baleares";"Convenio Oficinas y Despachos Baleares";"convenio oficinas y despachos baleares";"convenio oficinas y despachos baleares 2026";"tabla salarial oficinas y despachos baleares";"";""
"298";"sectorial-provincial";"oficinas-despachos";"Navarra";"Convenio Oficinas y Despachos Navarra";"convenio oficinas y despachos navarra";"convenio oficinas y despachos navarra 2026";"tabla salarial oficinas y despachos navarra";"";""
"299";"sectorial-provincial";"oficinas-despachos";"Murcia";"Convenio Oficinas y Despachos Murcia";"convenio oficinas y despachos murcia";"convenio oficinas y despachos murcia 2026";"tabla salarial oficinas y despachos murcia";"";""
"300";"sectorial-provincial";"oficinas-despachos";"Alicante";"Convenio Oficinas y Despachos Alicante";"convenio oficinas y despachos alicante";"convenio oficinas y despachos alicante 2026";"tabla salarial oficinas y despachos alicante";"";""
"301";"sectorial-provincial";"quimica";"Madrid";"Convenio Industria Química Madrid";"convenio industria química madrid";"convenio industria química madrid 2026";"tabla salarial industria química madrid";"";""
"302";"sectorial-provincial";"quimica";"Barcelona";"Convenio Industria Química Barcelona";"convenio industria química barcelona";"convenio industria química barcelona 2026";"tabla salarial industria química barcelona";"";""
"303";"sectorial-provincial";"quimica";"Valencia";"Convenio Industria Química Valencia";"convenio industria química valencia";"convenio industria química valencia 2026";"tabla salarial industria química valencia";"";""
"304";"sectorial-provincial";"quimica";"Bizkaia";"Convenio Industria Química Bizkaia";"convenio industria química bizkaia";"convenio industria química bizkaia 2026";"tabla salarial industria química bizkaia";"";""
"305";"sectorial-provincial";"quimica";"Gipuzkoa";"Convenio Industria Química Gipuzkoa";"convenio industria química gipuzkoa";"convenio industria química gipuzkoa 2026";"tabla salarial industria química gipuzkoa";"";""
"306";"sectorial-provincial";"quimica";"Álava";"Convenio Industria Química Álava";"convenio industria química álava";"convenio industria química álava 2026";"tabla salarial industria química álava";"";""
"307";"sectorial-provincial";"quimica";"Sevilla";"Convenio Industria Química Sevilla";"convenio industria química sevilla";"convenio industria química sevilla 2026";"tabla salarial industria química sevilla";"";""
"308";"sectorial-provincial";"quimica";"Zaragoza";"Convenio Industria Química Zaragoza";"convenio industria química zaragoza";"convenio industria química zaragoza 2026";"tabla salarial industria química zaragoza";"";""
"309";"sectorial-provincial";"quimica";"Asturias";"Convenio Industria Química Asturias";"convenio industria química asturias";"convenio industria química asturias 2026";"tabla salarial industria química asturias";"";""
"310";"sectorial-provincial";"quimica";"A Coruña";"Convenio Industria Química A Coruña";"convenio industria química a coruña";"convenio industria química a coruña 2026";"tabla salarial industria química a coruña";"";""
"311";"sectorial-provincial";"quimica";"Tarragona";"Convenio Industria Química Tarragona";"convenio industria química tarragona";"convenio industria química tarragona 2026";"tabla salarial industria química tarragona";"";""
"312";"sectorial-provincial";"quimica";"Cádiz";"Convenio Industria Química Cádiz";"convenio industria química cádiz";"convenio industria química cádiz 2026";"tabla salarial industria química cádiz";"";""
"313";"sectorial-provincial";"quimica";"Málaga";"Convenio Industria Química Málaga";"convenio industria química málaga";"convenio industria química málaga 2026";"tabla salarial industria química málaga";"";""
"314";"sectorial-provincial";"quimica";"Granada";"Convenio Industria Química Granada";"convenio industria química granada";"convenio industria química granada 2026";"tabla salarial industria química granada";"";""
"315";"sectorial-provincial";"quimica";"Las Palmas";"Convenio Industria Química Las Palmas";"convenio industria química las palmas";"convenio industria química las palmas 2026";"tabla salarial industria química las palmas";"";""
"316";"sectorial-provincial";"quimica";"Tenerife";"Convenio Industria Química Tenerife";"convenio industria química tenerife";"convenio industria química tenerife 2026";"tabla salarial industria química tenerife";"";""
"317";"sectorial-provincial";"quimica";"Baleares";"Convenio Industria Química Baleares";"convenio industria química baleares";"convenio industria química baleares 2026";"tabla salarial industria química baleares";"";""
"318";"sectorial-provincial";"quimica";"Navarra";"Convenio Industria Química Navarra";"convenio industria química navarra";"convenio industria química navarra 2026";"tabla salarial industria química navarra";"";""
"319";"sectorial-provincial";"quimica";"Murcia";"Convenio Industria Química Murcia";"convenio industria química murcia";"convenio industria química murcia 2026";"tabla salarial industria química murcia";"";""
"320";"sectorial-provincial";"quimica";"Alicante";"Convenio Industria Química Alicante";"convenio industria química alicante";"convenio industria química alicante 2026";"tabla salarial industria química alicante";"";""
"321";"sectorial-provincial";"panaderia";"Madrid";"Convenio Panadería Madrid";"convenio panadería madrid";"convenio panadería madrid 2026";"tabla salarial panadería madrid";"";""
"322";"sectorial-provincial";"panaderia";"Barcelona";"Convenio Panadería Barcelona";"convenio panadería barcelona";"convenio panadería barcelona 2026";"tabla salarial panadería barcelona";"";""
"323";"sectorial-provincial";"panaderia";"Valencia";"Convenio Panadería Valencia";"convenio panadería valencia";"convenio panadería valencia 2026";"tabla salarial panadería valencia";"";""
"324";"sectorial-provincial";"panaderia";"Bizkaia";"Convenio Panadería Bizkaia";"convenio panadería bizkaia";"convenio panadería bizkaia 2026";"tabla salarial panadería bizkaia";"";""
"325";"sectorial-provincial";"panaderia";"Gipuzkoa";"Convenio Panadería Gipuzkoa";"convenio panadería gipuzkoa";"convenio panadería gipuzkoa 2026";"tabla salarial panadería gipuzkoa";"";""
"326";"sectorial-provincial";"panaderia";"Álava";"Convenio Panadería Álava";"convenio panadería álava";"convenio panadería álava 2026";"tabla salarial panadería álava";"";""
"327";"sectorial-provincial";"panaderia";"Sevilla";"Convenio Panadería Sevilla";"convenio panadería sevilla";"convenio panadería sevilla 2026";"tabla salarial panadería sevilla";"";""
"328";"sectorial-provincial";"panaderia";"Zaragoza";"Convenio Panadería Zaragoza";"convenio panadería zaragoza";"convenio panadería zaragoza 2026";"tabla salarial panadería zaragoza";"";""
"329";"sectorial-provincial";"panaderia";"Asturias";"Convenio Panadería Asturias";"convenio panadería asturias";"convenio panadería asturias 2026";"tabla salarial panadería asturias";"";""
"330";"sectorial-provincial";"panaderia";"A Coruña";"Convenio Panadería A Coruña";"convenio panadería a coruña";"convenio panadería a coruña 2026";"tabla salarial panadería a coruña";"";""
"331";"sectorial-provincial";"panaderia";"Tarragona";"Convenio Panadería Tarragona";"convenio panadería tarragona";"convenio panadería tarragona 2026";"tabla salarial panadería tarragona";"";""
"332";"sectorial-provincial";"panaderia";"Cádiz";"Convenio Panadería Cádiz";"convenio panadería cádiz";"convenio panadería cádiz 2026";"tabla salarial panadería cádiz";"";""
"333";"sectorial-provincial";"panaderia";"Málaga";"Convenio Panadería Málaga";"convenio panadería málaga";"convenio panadería málaga 2026";"tabla salarial panadería málaga";"";""
"334";"sectorial-provincial";"panaderia";"Granada";"Convenio Panadería Granada";"convenio panadería granada";"convenio panadería granada 2026";"tabla salarial panadería granada";"";""
"335";"sectorial-provincial";"panaderia";"Las Palmas";"Convenio Panadería Las Palmas";"convenio panadería las palmas";"convenio panadería las palmas 2026";"tabla salarial panadería las palmas";"";""
"336";"sectorial-provincial";"panaderia";"Tenerife";"Convenio Panadería Tenerife";"convenio panadería tenerife";"convenio panadería tenerife 2026";"tabla salarial panadería tenerife";"";""
"337";"sectorial-provincial";"panaderia";"Baleares";"Convenio Panadería Baleares";"convenio panadería baleares";"convenio panadería baleares 2026";"tabla salarial panadería baleares";"";""
"338";"sectorial-provincial";"panaderia";"Navarra";"Convenio Panadería Navarra";"convenio panadería navarra";"convenio panadería navarra 2026";"tabla salarial panadería navarra";"";""
"339";"sectorial-provincial";"panaderia";"Murcia";"Convenio Panadería Murcia";"convenio panadería murcia";"convenio panadería murcia 2026";"tabla salarial panadería murcia";"";""
"340";"sectorial-provincial";"panaderia";"Alicante";"Convenio Panadería Alicante";"convenio panadería alicante";"convenio panadería alicante 2026";"tabla salarial panadería alicante";"";""
"341";"sectorial-provincial";"comercio";"Madrid";"Convenio Comercio General Madrid";"convenio comercio general madrid";"convenio comercio general madrid 2026";"tabla salarial comercio general madrid";"";""
"342";"sectorial-provincial";"comercio";"Barcelona";"Convenio Comercio General Barcelona";"convenio comercio general barcelona";"convenio comercio general barcelona 2026";"tabla salarial comercio general barcelona";"";""
"343";"sectorial-provincial";"comercio";"Valencia";"Convenio Comercio General Valencia";"convenio comercio general valencia";"convenio comercio general valencia 2026";"tabla salarial comercio general valencia";"";""
"344";"sectorial-provincial";"comercio";"Bizkaia";"Convenio Comercio General Bizkaia";"convenio comercio general bizkaia";"convenio comercio general bizkaia 2026";"tabla salarial comercio general bizkaia";"";""
"345";"sectorial-provincial";"comercio";"Gipuzkoa";"Convenio Comercio General Gipuzkoa";"convenio comercio general gipuzkoa";"convenio comercio general gipuzkoa 2026";"tabla salarial comercio general gipuzkoa";"";""
"346";"sectorial-provincial";"comercio";"Álava";"Convenio Comercio General Álava";"convenio comercio general álava";"convenio comercio general álava 2026";"tabla salarial comercio general álava";"";""
"347";"sectorial-provincial";"comercio";"Sevilla";"Convenio Comercio General Sevilla";"convenio comercio general sevilla";"convenio comercio general sevilla 2026";"tabla salarial comercio general sevilla";"";""
"348";"sectorial-provincial";"comercio";"Zaragoza";"Convenio Comercio General Zaragoza";"convenio comercio general zaragoza";"convenio comercio general zaragoza 2026";"tabla salarial comercio general zaragoza";"";""
"349";"sectorial-provincial";"comercio";"Asturias";"Convenio Comercio General Asturias";"convenio comercio general asturias";"convenio comercio general asturias 2026";"tabla salarial comercio general asturias";"";""
"350";"sectorial-provincial";"comercio";"A Coruña";"Convenio Comercio General A Coruña";"convenio comercio general a coruña";"convenio comercio general a coruña 2026";"tabla salarial comercio general a coruña";"";""
"351";"sectorial-provincial";"comercio";"Tarragona";"Convenio Comercio General Tarragona";"convenio comercio general tarragona";"convenio comercio general tarragona 2026";"tabla salarial comercio general tarragona";"";""
"352";"sectorial-provincial";"comercio";"Cádiz";"Convenio Comercio General Cádiz";"convenio comercio general cádiz";"convenio comercio general cádiz 2026";"tabla salarial comercio general cádiz";"";""
"353";"sectorial-provincial";"comercio";"Málaga";"Convenio Comercio General Málaga";"convenio comercio general málaga";"convenio comercio general málaga 2026";"tabla salarial comercio general málaga";"";""
"354";"sectorial-provincial";"comercio";"Granada";"Convenio Comercio General Granada";"convenio comercio general granada";"convenio comercio general granada 2026";"tabla salarial comercio general granada";"";""
"355";"sectorial-provincial";"comercio";"Las Palmas";"Convenio Comercio General Las Palmas";"convenio comercio general las palmas";"convenio comercio general las palmas 2026";"tabla salarial comercio general las palmas";"";""
"356";"sectorial-provincial";"comercio";"Tenerife";"Convenio Comercio General Tenerife";"convenio comercio general tenerife";"convenio comercio general tenerife 2026";"tabla salarial comercio general tenerife";"";""
"357";"sectorial-provincial";"comercio";"Baleares";"Convenio Comercio General Baleares";"convenio comercio general baleares";"convenio comercio general baleares 2026";"tabla salarial comercio general baleares";"";""
"358";"sectorial-provincial";"comercio";"Navarra";"Convenio Comercio General Navarra";"convenio comercio general navarra";"convenio comercio general navarra 2026";"tabla salarial comercio general navarra";"";""
"359";"sectorial-provincial";"comercio";"Murcia";"Convenio Comercio General Murcia";"convenio comercio general murcia";"convenio comercio general murcia 2026";"tabla salarial comercio general murcia";"";""
"360";"sectorial-provincial";"comercio";"Alicante";"Convenio Comercio General Alicante";"convenio comercio general alicante";"convenio comercio general alicante 2026";"tabla salarial comercio general alicante";"";""
"361";"autonomico";"hosteleria";"Catalunya";"Convenio Hosteleria Catalunya";"convenio hosteleria catalunya";"convenio hosteleria catalunya 2026";"tabla salarial hosteleria catalunya";"";""
"362";"autonomico";"hosteleria";"Galicia";"Convenio Hosteleria Galicia";"convenio hosteleria galicia";"convenio hosteleria galicia 2026";"tabla salarial hosteleria galicia";"";""
"363";"autonomico";"hosteleria";"Andalucía";"Convenio Hosteleria Andalucía";"convenio hosteleria andalucía";"convenio hosteleria andalucía 2026";"tabla salarial hosteleria andalucía";"";""
"364";"autonomico";"limpieza";"Catalunya";"Convenio Limpieza Catalunya";"convenio limpieza catalunya";"convenio limpieza catalunya 2026";"tabla salarial limpieza catalunya";"";""
"365";"autonomico";"ayuda a domicilio";"Andalucía";"Convenio Ayuda A Domicilio Andalucía";"convenio ayuda a domicilio andalucía";"convenio ayuda a domicilio andalucía 2026";"tabla salarial ayuda a domicilio andalucía";"";""
"366";"autonomico";"ayuda a domicilio";"Catalunya";"Convenio Ayuda A Domicilio Catalunya";"convenio ayuda a domicilio catalunya";"convenio ayuda a domicilio catalunya 2026";"tabla salarial ayuda a domicilio catalunya";"";""
"367";"autonomico";"ayuda a domicilio";"Madrid";"Convenio Ayuda A Domicilio Madrid";"convenio ayuda a domicilio madrid";"convenio ayuda a domicilio madrid 2026";"tabla salarial ayuda a domicilio madrid";"";""
"368";"autonomico";"ayuda a domicilio";"País Vasco";"Convenio Ayuda A Domicilio País Vasco";"convenio ayuda a domicilio país vasco";"convenio ayuda a domicilio país vasco 2026";"tabla salarial ayuda a domicilio país vasco";"";""
"369";"autonomico";"dependencia";"Andalucía";"Convenio Dependencia Andalucía";"convenio dependencia andalucía";"convenio dependencia andalucía 2026";"tabla salarial dependencia andalucía";"";""
"370";"estatal";"construccion";"Estatal";"Convenio Estatal Construccion";"convenio construccion estatal";"convenio construccion estatal 2026";"tabla salarial construccion estatal";"";""
"371";"estatal";"metal";"Estatal";"Convenio Estatal Metal";"convenio metal estatal";"convenio metal estatal 2026";"tabla salarial metal estatal";"";""
"372";"estatal";"hosteleria";"Estatal";"Convenio Estatal Hosteleria";"convenio hosteleria estatal";"convenio hosteleria estatal 2026";"tabla salarial hosteleria estatal";"";""
"373";"estatal";"seguridad privada";"Estatal";"Convenio Estatal Seguridad Privada";"convenio seguridad privada estatal";"convenio seguridad privada estatal 2026";"tabla salarial seguridad privada estatal";"";""
"374";"estatal";"comercio";"Estatal";"Convenio Estatal Comercio";"convenio comercio estatal";"convenio comercio estatal 2026";"tabla salarial comercio estatal";"";""
"375";"estatal";"transporte mercancias";"Estatal";"Convenio Estatal Transporte Mercancias";"convenio transporte mercancias estatal";"convenio transporte mercancias estatal 2026";"tabla salarial transporte mercancias estatal";"";""
"376";"empresa";"metal";"Vitoria";"Convenio Mercedes-Benz Vitoria";"convenio mercedes-benz vitoria";"convenio mercedes-benz vitoria 2026";"tabla salarial mercedes-benz vitoria";"";""
"377";"empresa";"metal";"Almussafes";"Convenio Ford España Almussafes";"convenio ford españa almussafes";"convenio ford españa almussafes 2026";"tabla salarial ford españa almussafes";"";""
"378";"empresa";"metal";"Pamplona";"Convenio Volkswagen Navarra";"convenio volkswagen navarra";"convenio volkswagen navarra 2026";"tabla salarial volkswagen navarra";"";""
"379";"empresa";"metal";"Vigo";"Convenio Stellantis Vigo";"convenio stellantis vigo";"convenio stellantis vigo 2026";"tabla salarial stellantis vigo";"";""
"380";"empresa";"metal";"Madrid";"Convenio Stellantis Madrid";"convenio stellantis madrid";"convenio stellantis madrid 2026";"tabla salarial stellantis madrid";"";""
"381";"empresa";"metal";"Zaragoza";"Convenio Stellantis Zaragoza";"convenio stellantis zaragoza";"convenio stellantis zaragoza 2026";"tabla salarial stellantis zaragoza";"";""
"382";"empresa";"metal";"Madrid/Valladolid";"Convenio Iveco España";"convenio iveco españa";"convenio iveco españa 2026";"tabla salarial iveco españa";"";""
"383";"empresa";"metal";"Valladolid/Palencia";"Convenio Renault España";"convenio renault españa";"convenio renault españa 2026";"tabla salarial renault españa";"";""
"384";"empresa";"metal-naval";"Cádiz";"Convenio Navantia Cádiz";"convenio navantia cádiz";"convenio navantia cádiz 2026";"tabla salarial navantia cádiz";"";""
"385";"empresa";"metal-naval";"Ferrol";"Convenio Navantia Ferrol";"convenio navantia ferrol";"convenio navantia ferrol 2026";"tabla salarial navantia ferrol";"";""
"386";"empresa";"metal-naval";"Cartagena";"Convenio Navantia Cartagena";"convenio navantia cartagena";"convenio navantia cartagena 2026";"tabla salarial navantia cartagena";"";""
"387";"empresa";"siderurgia";"Asturias";"Convenio ArcelorMittal Asturias";"convenio arcelormittal asturias";"convenio arcelormittal asturias 2026";"tabla salarial arcelormittal asturias";"";""
"388";"empresa";"metal";"Álava";"Convenio Tubacex";"convenio tubacex";"convenio tubacex 2026";"tabla salarial tubacex";"";""
"389";"empresa";"siderurgia";"Bizkaia";"Convenio Sidenor";"convenio sidenor";"convenio sidenor 2026";"tabla salarial sidenor";"";""
"390";"empresa";"energia";"Estatal";"Convenio Iberdrola";"convenio iberdrola";"convenio iberdrola 2026";"tabla salarial iberdrola";"";""
"391";"empresa";"energia";"Estatal";"Convenio Endesa";"convenio endesa";"convenio endesa 2026";"tabla salarial endesa";"";""
"392";"empresa";"energia";"Estatal";"Convenio Naturgy";"convenio naturgy";"convenio naturgy 2026";"tabla salarial naturgy";"";""
"393";"empresa";"energia";"Estatal";"Convenio Repsol";"convenio repsol";"convenio repsol 2026";"tabla salarial repsol";"";""
"394";"empresa";"energia";"Estatal";"Convenio Cepsa";"convenio cepsa";"convenio cepsa 2026";"tabla salarial cepsa";"";""
"395";"empresa";"telecom";"Estatal";"Convenio Telefónica";"convenio telefónica";"convenio telefónica 2026";"tabla salarial telefónica";"";""
"396";"empresa";"telecom";"Estatal";"Convenio Orange España";"convenio orange españa";"convenio orange españa 2026";"tabla salarial orange españa";"";""
"397";"empresa";"telecom";"Estatal";"Convenio Vodafone España";"convenio vodafone españa";"convenio vodafone españa 2026";"tabla salarial vodafone españa";"";""
"398";"empresa";"telecom";"Estatal";"Convenio MásMóvil";"convenio másmóvil";"convenio másmóvil 2026";"tabla salarial másmóvil";"";""
"399";"empresa";"banca";"Estatal";"Convenio Santander";"convenio santander";"convenio santander 2026";"tabla salarial santander";"";""
"400";"empresa";"banca";"Estatal";"Convenio BBVA";"convenio bbva";"convenio bbva 2026";"tabla salarial bbva";"";""
"401";"empresa";"banca";"Estatal";"Convenio CaixaBank";"convenio caixabank";"convenio caixabank 2026";"tabla salarial caixabank";"";""
"402";"empresa";"banca";"Estatal";"Convenio Banco Sabadell";"convenio banco sabadell";"convenio banco sabadell 2026";"tabla salarial banco sabadell";"";""
"403";"empresa";"banca";"Estatal";"Convenio Bankinter";"convenio bankinter";"convenio bankinter 2026";"tabla salarial bankinter";"";""
"404";"empresa";"aviacion";"Estatal";"Convenio Iberia";"convenio iberia";"convenio iberia 2026";"tabla salarial iberia";"";""
"405";"empresa";"aviacion";"Estatal";"Convenio Vueling";"convenio vueling";"convenio vueling 2026";"tabla salarial vueling";"";""
"406";"empresa";"aviacion";"Estatal";"Convenio Air Europa";"convenio air europa";"convenio air europa 2026";"tabla salarial air europa";"";""
"407";"empresa";"aviacion";"Estatal";"Convenio AENA";"convenio aena";"convenio aena 2026";"tabla salarial aena";"";""
"408";"empresa";"retail";"Estatal";"Convenio Mercadona";"convenio mercadona";"convenio mercadona 2026";"tabla salarial mercadona";"";""
"409";"empresa";"retail";"Estatal";"Convenio Carrefour";"convenio carrefour";"convenio carrefour 2026";"tabla salarial carrefour";"";""
"410";"empresa";"retail";"Estatal";"Convenio El Corte Inglés";"convenio el corte inglés";"convenio el corte inglés 2026";"tabla salarial el corte inglés";"";""
"411";"empresa";"retail";"Estatal";"Convenio Decathlon España";"convenio decathlon españa";"convenio decathlon españa 2026";"tabla salarial decathlon españa";"";""
"412";"empresa";"logistica";"Estatal";"Convenio Amazon España";"convenio amazon españa";"convenio amazon españa 2026";"tabla salarial amazon españa";"";""
"413";"empresa";"retail-textil";"Arteixo";"Convenio Inditex";"convenio inditex";"convenio inditex 2026";"tabla salarial inditex";"";""
"414";"empresa";"alimentacion";"Estatal";"Convenio Campofrío";"convenio campofrío";"convenio campofrío 2026";"tabla salarial campofrío";"";""
"415";"empresa";"alimentacion";"Murcia";"Convenio El Pozo";"convenio el pozo";"convenio el pozo 2026";"tabla salarial el pozo";"";""
"416";"empresa";"alimentacion";"Estatal";"Convenio Mahou-San Miguel";"convenio mahou-san miguel";"convenio mahou-san miguel 2026";"tabla salarial mahou-san miguel";"";""
"417";"empresa";"contact center";"Estatal";"Convenio Atento";"convenio atento";"convenio atento 2026";"tabla salarial atento";"";""
"418";"empresa";"contact center";"Estatal";"Convenio Konecta";"convenio konecta";"convenio konecta 2026";"tabla salarial konecta";"";""
"419";"empresa";"ETT";"Estatal";"Convenio Adecco";"convenio adecco";"convenio adecco 2026";"tabla salarial adecco";"";""
"420";"empresa";"ferrocarril";"Estatal";"Convenio Renfe";"convenio renfe";"convenio renfe 2026";"tabla salarial renfe";"";""
"421";"empresa";"ferrocarril";"Estatal";"Convenio Adif";"convenio adif";"convenio adif 2026";"tabla salarial adif";"";""
"422";"empresa";"postal";"Estatal";"Convenio Correos";"convenio correos";"convenio correos 2026";"tabla salarial correos";"";""
"423";"empresa";"sanidad";"Estatal";"Convenio Quirónsalud";"convenio quirónsalud";"convenio quirónsalud 2026";"tabla salarial quirónsalud";"";""
"424";"empresa";"sanidad";"Estatal";"Convenio Sanitas";"convenio sanitas";"convenio sanitas 2026";"tabla salarial sanitas";"";""
"425";"empresa";"sanidad";"Estatal";"Convenio Adeslas";"convenio adeslas";"convenio adeslas 2026";"tabla salarial adeslas";"";""
